Token,Frequency
number,2251
matrix,1891
set,1802
vector,1447
element,1380
example,1293
group,1230
space,1059
function,1001
sequence,891
graph,880
map,855
basis,828
way,826
statement,811
row,777
vertex,716
solution,682
proof,664
chapter,627
order,617
subgroup,616
relation,595
integer,589
term,586
case,567
equation,524
formula,510
system,509
sum,487
field,486
polynomial,478
edge,450
product,448
domain,431
column,425
operation,399
subset,399
line,396
form,387
point,385
degree,380
problem,363
section,355
class,352
subspace,350
combination,347
p(x,345
question,341
time,332
permutation,331
string,329
identity,317
entry,303
exercise,301
ring,290
fact,287
value,285
square,277
condition,277
bit,276
result,274
part,272
inverse,269
root,269
answer,268
definition,260
equivalence,256
letter,256
code,255
multiplication,255
plane,249
induction,247
path,245
pair,243
isomorphism,238
homomorphism,236
tree,236
variable,230
word,229
side,229
dimension,225
a.,224
digit,220
outcome,220
choice,217
probability,217
respect,217
||,216
multiple,215
determinant,213
range,213
property,213
table,213
1,209
one,206
addition,204
cycle,203
image,202
factor,200
error,198
transformation,198
show,197
length,194
c1,191
extension,191
difference,187
member,185
denition,184
size,183
card,180
theorem,177
nonzero,177
cookie,176
theory,175
thing,171
power,171
principle,170
ideal,168
event,166
student,164
instance,162
representation,162
span,162
topic,161
structure,158
recurrence,156
truth,155
argument,154
unit,153
r3,151
counting,151
hand,150
lattice,148
triangle,148
implication,143
face,142
relationship,141
type,139
step,138
rule,133
series,132
projection,129
notation,128
rank,128
algebra,125
message,124
kid,123
list,122
color,120
eigenvalue,120
mathematic,119
right,119
similarity,118
output,117
book,116
distance,115
circuit,115
coecient,114
coset,113
component,113
computer,112
subsection,112
year,111
composition,108
sense,108
intersection,106
weight,105
echelon,105
let,104
input,103
method,101
proposition,99
figure,99
sin,99
rst,98
direction,97
converse,97
v1,95
p.,93
idea,92
check,92
people,92
action,92
generator,91
collection,90
work,89
automorphism,89
diagram,89
contradiction,88
object,87
position,87
generating,87
sage,85
a2,85
th,85
day,85
picture,85
tuple,84
axis,84
friend,84
course,83
coordinate,83
index,83
stone,83
divisor,82
change,82
matching,81
v2,81
version,80
cube,80
circle,80
angle,80
reduction,80
dot,79
application,78
base,78
stick,78
hypothesis,77
technique,77
trail,77
following,76
origin,76
motion,75
symmetry,74
prime,74
bar,74
remainder,73
state,72
partition,71
division,71
symbol,71
codeword,71
puzzle,70
total,69
splitting,68
tie,68
zero,66
page,66
scalar,66
geometry,65
item,64
codomain,64
topping,64
end,63
multiset,63
planar,63
linear,62
study,62
area,62
fraction,61
w1,61
hint,60
conclusion,60
lemma,60
union,60
computation,60
sentence,60
block,59
expansion,59
copy,58
information,58
|g|,58
transposition,58
left,58
coin,58
swap,58
2,57
law,57
rotation,57
kind,57
congruence,57
math,57
eigenvector,57
negation,56
r1,55
program,55
rectangle,55
center,55
parity,54
quantifier,54
restriction,54
pizza,54
rest,53
content,53
calculation,53
expression,53
coefficient,53
steel,53
text,52
introduction,52
constant,52
h1,52
0,52
model,52
triangular,52
box,52
license,50
use,50
mathematician,50
representative,50
game,50
dierent,50
n.,49
rate,49
region,49
complement,48
half,48
chip,48
disk,48
ax,47
reason,47
i.,47
description,47
chain,47
repeat,47
document,46
bi,46
name,46
sort,46
b1,46
auto,46
logic,45
other,45
shape,45
correspondence,44
equality,43
disjoint,43
cryptosystem,43
translation,43
dice,43
polyhedron,43
bottom,42
ratio,42
kernel,42
transpose,42
none,42
atom,42
subfield,42
child,42
arrow,42
subgraph,42
subject,41
factorization,41
ad,41
z3,41
goal,41
assumption,41
pattern,41
deduction,41
cardinality,41
cent,41
sample,41
unity,40
place,40
volume,40
head,40
domino,40
stamp,40
nullity,40
key,39
practice,39
spot,39
reflection,38
language,38
world,38
person,38
corner,38
spanning,38
start,38
penny,38
quantity,37
claim,37
predicate,37
bow,37
approach,36
tool,36
divide,36
player,36
break,36
eect,36
ohm,36
algorithm,35
advantage,35
network,35
move,35
process,34
paper,34
notice,34
unknown,34
car,34
coeicient,33
sign,33
bean,33
demand,33
tion,32
material,32
inclusion,32
derivative,32
possibility,32
closure,32
scheme,32
datum,32
independence,32
bridge,32
team,32
task,31
k.,31
cover,31
preference,31
c3,31
voter,31
d1,30
decomposition,30
party,30
observation,30
no,30
chocolate,30
c11,30
parameter,29
matter,29
x2,29
lot,29
population,29
source,28
axiom,28
contrapositive,28
objective,28
intuition,28
top,28
conjecture,28
title,28
m.,28
context,28
period,28
y1,28
mass,28
reading,27
f1,27
calculus,27
b2,27
nth,27
machine,27
die,27
real,27
switch,27
dierence,27
gure,27
y2,26
gl2(r,26
diagonal,26
piece,26
room,26
substitution,26
animal,26
assume,26
2,25
counterexample,25
mapping,25
quotient,25
shift,25
coloring,25
subring,25
multiplicity,25
pie,25
surface,25
troll,25
month,25
incident,25
flavor,25
stack,25
t1,25
detail,24
understanding,24
h.,24
analysis,24
euler,24
associate,24
style,24
star,24
bunny,24
2y,24
manner,23
uniqueness,23
b.,23
character,23
vol,23
orbit,23
distribution,23
switching,23
segment,23
premise,23
connective,23
bection,23
science,22
satisfie,22
a1,22
situation,22
requirement,22
second,22
century,22
algebraic,22
syndrome,22
generalization,22
ball,22
inversion,22
importance,21
interest,21
detection,21
interval,21
characteristic,21
author,21
paragraph,21
poset,21
eye,21
knave,21
movie,21
superset,21
shelf,21
dollar,21
level,20
amount,20
insight,20
r2,20
research,20
mod,20
concept,20
p2,20
transmission,20
variety,20
radical,20
multigraph,20
present,20
transition,20
development,19
cryptography,19
ax2,19
modulus,19
family,19
connection,19
isometry,19
crystal,19
chance,19
ufd,19
dependence,19
ci,19
link,19
si,19
derangement,19
growth,19
discourse,19
deck,19
birthday,19
door,19
contrast,19
sphere,19
park,19
dimensionless,19
knowledge,18
professor,18
format,18
n2,18
reference,18
history,18
hold,18
orientation,18
array,18
s1,18
encoding,18
mean,18
parallelogram,18
consequence,18
b0,18
quarter,18
town,18
middle,18
disjunction,18
track,18
log,18
industry,18
mile,18
role,17
cell,17
preliminary,17
experiment,17
reader,17
suppose,17
rise,17
4x,17
rsa,17
age,17
woman,17
edition,17
resistance,17
anxn,17
copyright,17
knight,17
conjunction,17
route,17
roll,17
iteration,17
diophantine,17
resistor,17
eigenspace,17
a-7,17
ability,16
congruent,16
discussion,16
light,16
a4,16
polygon,16
correspond,16
speed,16
wallpaper,16
conjugacy,16
multiply,16
pid,16
dx,16
week,16
interaction,16
pentagon,16
endpoint,16
trace,16
tail,16
|t|,16
3z,16
innite,16
volt,16
ti\,(i,16
project,15
4ac,15
meaning,15
existence,15
g.,15
cancellation,15
publisher,15
conjugate,15
cis,15
moment,15
neighbor,15
design,15
construction,15
turn,15
e1,15
p4,15
injection,15
activity,15
location,15
i3,15
forest,15
suit,15
interact,15
pillar,15
nd,15
cnsn,15
concatenation,15
election,15
h(v,15
needle,15
back,14
software,14
mind,14
school,14
corollary,14
h2,14
3i,14
convention,14
compass,14
straightedge,14
drawing,14
road,14
scope,14
hat,14
ice,14
cream,14
starting,14
chessboard,14
board,14
walk,14
leave,14
frequency,14
vowel,14
drop,14
paradox,14
verication,14
majority,14
decide,14
battery,14
reection,14
adjoint,14
dome,14
spring,14
semester,13
ar,13
pi,13
qi,13
purpose,13
2p,13
arrangement,13
quaternion,13
alphabet,13
conjugation,13
view,13
nvn,13
fields,13
cofactor,13
body,13
note,13
python,13
border,13
reasoning,13
job,13
universe,13
nickel,13
parent,13
exclusion,13
skittle,13
elimination,13
force,13
c22,13
eld,13
t1\,2,13
nilpotency,13
proposer,13
print,12
web,12
minute,12
ment,12
denominator,12
issue,12
bq,12
operator,12
radian,12
dmin,12
gi,12
mn,12
a5,12
lie,12
cx2,12
branch,12
bound,12
failure,12
option,12
feel,12
preview,12
self,12
handshake,12
food,12
loop,12
plan,12
station,12
anagram,12
hexadecimal,12
surjection,12
record,12
behavior,12
summand,12
ladder,12
2w,12
displacement,12
voltage,12
ve,12
tj\,(j,12
mode,12
notion,11
instructor,11
nature,11
test,11
cat,11
transitivity,11
deal,11
bs,11
pk,11
pis,11
evaluation,11
experience,11
gon,11
encryption,11
guess,11
correction,11
ascii,11
increase,11
c4,11
coincidence,11
ith,11
candidate,11
valuation,11
distinction,11
u2,11
dim,11
bch,11
ship,11
search,11
dog,11
subscript,11
triple,11
vegetable,11
man,11
shower,11
cow,11
front,11
soda,11
label,11
sibling,11
red,11
=(,11
push,11
up,11
candy,11
rung,11
dier,11
rn,11
prediction,11
voting,11
spin,11
l0m0,11
pendulum,11
dilation,11
det(1,11
support,10
decade,10
f(a,10
ex,10
i2,10
|z|,10
5,10
procedure,10
communication,10
minimum,10
maximum,10
ais,10
carbon,10
surprise,10
ti,10
inequality,10
cn1,10
subtraction,10
country,10
shirt,10
spade,10
trouble,10
diamond,10
grid,10
meat,10
couple,10
exam,10
shadow,10
clique,10
hour,10
marriage,10
pascal,10
wand,10
cup,10
illustration,10
planet,10
vote,10
preservation,10
d(t,10
presentation,9
strategy,9
capital,9
q2,9
z5,9
exponent,9
criterion,9
compute,9
5x,9
upc,9
house,9
nation,9
need,9
challenge,9
device,9
capability,9
tation,9
sake,9
hn,9
commutator,9
pm,9
attention,9
p0,9
hexagon,9
rational,9
processor,9
cm,9
current,9
setting,9
t(v,9
cosine,9
beginning,9
split,9
dx2,9
modification,9
aggregate,9
trip,9
lottery,9
count,9
sub,9
river,9
adjacency,9
cost,9
pile,9
plate,9
street,9
gift,9
summation,9
hook,9
water,9
meter,9
wind,9
north,9
sucient,9
economy,9
p(7,9
association,9
f(v1,9
wrt,9
graphic,9
nilpotence,9
motivation,8
heart,8
explanation,8
suggestion,8
brace,8
exist,8
investigation,8
ab,8
act,8
fix,8
bijection,8
dihedral,8
tetrahedron,8
s5,8
life,8
generation,8
channel,8
plaintext,8
trial,8
pseudoprime,8
repetition,8
ij,8
commute,8
multiplie,8
minimality,8
dodecahedron,8
hn1,8
stabilizer,8
|xg|,8
normalizer,8
|p|,8
dividing,8
teacher,8
modulo,8
c1x,8
aixi,8
d0,8
c.,8
radius,8
fi,8
estimate,8
holder,8
permission,8
parenthesis,8
conflict,8
review,8
focus,8
bunch,8
pineapple,8
response,8
superhero,8
cake,8
mammal,8
hair,8
tautology,8
interpretation,8
land,8
postage,8
dime,8
descendant,8
tournament,8
sock,8
numeral,8
anchovy,8
donut,8
toothpick,8
classmate,8
cannonball,8
singleton,8
arithmetic,8
learner,8
3y,8
negative,8
s0,8
w.,8
ts,8
s.,8
velocity,8
yz,8
production,8
ampere,8
trac,8
ry,8
cn+1,8
salt,8
ngstrom,8
acceleration,8
signum,8
innity,8
c(x,8
comment,7
chart,7
vi,7
thought,7
assertion,7
effort,7
f(a1,7
logarithm,7
building,7
q.,7
clockwise,7
associativity,7
centralizer,7
d11,7
isbn,7
ai,7
rk,7
hg1,7
g1h,7
loss,7
generality,7
a(n,7
variation,7
mechanic,7
ciphertext,7
vice,7
date,7
curve,7
radio,7
combinatoric,7
likelihood,7
zm,7
a22,7
stage,7
discipline,7
t(e2,7
counterclockwise,7
glide,7
gis,7
0x,7
c0,7
business,7
temperature,7
honor,7
f(x,7
cyclic,7
documentation,7
copying,7
feature,7
bonus,7
shoe,7
fun,7
builder,7
wheel,7
driver,7
neighborhood,7
look,7
broccoli,7
leg,7
popcorn,7
playing,7
tv,7
vest,7
birth,7
terminology,7
crossing,7
care,7
outside,7
boundary,7
tour,7
summary,7
rook,7
follower,7
-bit,7
pepper,7
potato,7
shop,7
orange,7
phone,7
simplifie,7
win,7
meal,7
grain,7
slope,7
quantier,7
rescaling,7
tor,7
acre,7
nonsingular,7
ow,7
r+,7
graphite,7
dist,7
f(v,7
dierentiation,7
h1\,1,7
d(id,7
projective,7
laplace,7
equator,7
a-3,7
acknowledgement,6
decision,6
aspect,6
accuracy,6
phrase,6
dy,6
u.,6
nk,6
account,6
factorial,6
ordering,6
exception,6
attempt,6
confusion,6
2z,6
2i,6
pq,6
height,6
reverse,6
cosets,6
decrypting,6
help,6
convenience,6
discovery,6
secret,6
routine,6
factoring,6
medium,6
mmn(z2,6
leader,6
writing,6
aut(g,6
chair,6
e2,6
equivalent,6
u1,6
chemical,6
characterization,6
phism,6
foot,6
6x,6
r[x,6
today,6
cubic,6
d.,6
join,6
absorption,6
passage,6
parallel,6
dent,6
2is,6
solving,6
freedom,6
manual,6
portion,6
standard,6
user,6
individual,6
thank,6
pencil,6
overlap,6
chest,6
plenty,6
money,6
tile,6
art,6
friendship,6
smoothie,6
liar,6
club,6
replacement,6
cousin,6
calzone,6
prove,6
pigeon,6
menu,6
(=,6
goat,6
island,6
masse,6
icosahedron,6
asymptote,6
octahedron,6
limit,6
cross,6
chess,6
spinner,6
third,6
-permutation,6
guard,6
foursome,6
bridesmaid,6
subtract,6
cracker,6
apple,6
city,6
rice,6
quadratic,6
find,6
divisibility,6
tuh,6
slide,6
i.2,6
oscillator,6
balance,6
vec-,6
gravity,6
magnitude,6
w2,6
earth,6
reduce,6
precision,6
arc,6
analogy,6
cos,6
containment,6
gardner,6
clause,6
m(t,6
worker,6
3)/6,6
rm,6
percent,6
t3\,3,6
perm,6
minor,6
seconds=,6
projector,6
t(1,6
diagonalization,6
surfer,6
an2,6
oscillation,6
a-11,6
textbook,5
scientist,5
audience,5
observe,5
bk,5
r.,5
bc,5
rearrangement,5
com-,5
variste,5
z9,5
classification,5
km,5
sx,5
inconsistency,5
opposite,5
midpoint,5
contribution,5
pe1,5
decryption,5
cipher,5
noise,5
signal,5
detecting,5
a11,5
mation,5
father,5
multiplying,5
preserving,5
orthogonality,5
linearity,5
x1,5
gram,5
|h|,5
g1x,5
compound,5
band,5
appointment,5
|h,5
k|,5
cj,5
morphism,5
whole,5
conversion,5
commutativity,5
bixi,5
bd,5
story,5
cx,5
discriminant,5
college,5
queen,5
prototype,5
scale,5
generalize,5
1is,5
cnvn,5
depth,5
p(t,5
elementwise,5
ple,5
public,5
dedication,5
access,5
violation,5
site,5
surjective,5
survey,5
classroom,5
differencing,5
lady,5
contestant,5
cheese,5
falsity,5
perspective,5
hope,5
sandwich,5
pigeonhole,5
handful,5
grandparent,5
ancestor,5
leaf,5
grandchild,5
3\,3,5
girth,5
polyhedra,5
convex,5
pyramid,5
pairwise,5
girl,5
.,5
 13,5
south,5
 14,5
comma,5
bag,5
bin,5
scoop,5
maid,5
b6,5
m&m,5
advice,5
return,5
def,5
reaction,5
rabbit,5
am\,1x1,5
3w,5
progression,5
2v,5
farmer,5
iterate,5
singular,5
opening,5
parametrization,5
pivoting,5
bracket,5
villain,5
ws,5
bfg,5
dnn,5
reect,5
platinum,5
perp,5
bookkeeping,5
sun,5
ra1,5
d3z,5
t/6,5
f(v2,5
ckvk,5
verify,5
rope,5
h(s,5
h(n)is,5
8v3,5
m(x,5
rr1,5
railroad,5
men,5
approximation,5
submatrix,5
t1\,2t2\,3t3\,1,5
tower,5
twist,5
a-2,5
career,4
diiculty,4
programming,4
exploration,4
selection,4
appendix,4
thumb,4
peer,4
g1,4
,4
z8,4
treatment,4
sl2(r,4
con-,4
physics,4
store,4
a=,4
million,4
a21,4
a3,4
g2h.,4
aine,4
instruction,4
verification,4
gentleman,4
bn1,4
technology,4
non,4
leftmost,4
qkpnk,4
multi-,4
a12,4
delta,4
ei,4
decoding,4
command,4
clarity,4
automorphisms,4
utility,4
aba1b1,4
potential,4
gln(r,4
ay=,4
e(2,4
r0,4
3,4
semidirect,4
3rd,4
pn,4
hi,4
k1,4
principal,4
consideration,4
|z(g)|,4
wire,4
benzene,4
nq,4
death,4
processing,4
cpu,4
infinite,4
7z,4
p(x)q(x,4
cixi,4
indeterminate,4
mial,4
b(x,4
bx2,4
credit,4
a(x,4
df,4
ascending,4
duality,4
ex-,4
vk,4
z2[x,4
fk,4
f2,4
xpm,4
g(t,4
0i,4
solvability,4
x5,4
entity,4
organization,4
alternative,4
symmetric,4
inquiry,4
familiarity,4
scratch,4
2.2.4,4
4.3.4,4
metaphor,4
dinner,4
moon,4
biconditional,4
-thing,4
hypotenuse,4
taco,4
here,4
monopoly,4
lack,4
flaw,4
r4c4,4
chasing,4
formulation,4
incidence,4
bank,4
relative,4
node,4
blue,4
interview,4
subtlety,4
internet,4
boy,4
travel,4
-direction,4
restaurant,4
appetizer,4
entre,4
magnet,4
dorm,4
outfit,4
ade,4
stretch,4
guest,4
jar,4
veggie,4
fall,4
script,4
randomness,4
numerator,4
home,4
passenger,4
monk,4
2)(+,4
library,4
layer,4
strip,4
supply,4
snail,4
grade,4
convergence,4
40h,4
15c,4
4z,4
wohascum,4
a1\,2,4
hyperplane,4
reexivity,4
truck,4
sector,4
sensitivity,4
farm,4
rail,4
shipping,4
illustrate,4
conditioning,4
brake,4
multiplicand,4
rz,4
cn+1sn+1,4
removal,4
duplicate,4
s2,4
refer,4
subscriber,4
density,4
winner,4
wave,4
engine,4
p5,4
h(v1,4
h(i,4
synonym,4
sketch,4
0w,4
h1\,2,4
rotate,4
h1\,nvn,4
superspace,4
signicance,4
c0i,4
cp,4
proj[s,4
toll,4
ight,4
shear,4
ip,4
stochastic,4
occupation,4
frame,4
t1\,3t2\,1t3\,2,4
precede,4
t1\,3,4
viewer,4
repb(1,4
dx3,4
nullspace,4
5)/2,4
an1,4
an3,4
ank,4
priest,4
t(n,4
hanoi,4
proc,4
proportionality,4
dependency,3
prerequisite,3
category,3
server,3
maturity,3
background,3
physic,3
graduate,3
sition,3
module,3
appearance,3
pap,3
n,3
an+1,3
bn+1,3
ber,3
22n,3
calculate,3
fn+1,3
chemistry,3
identification,3
7a,3
e.,3
gmgn,3
associative,3
h3,3
rhombus,3
quantum,3
aman,3
z10,3
torsion,3
dence,3
occurrence,3
sn,3
3)h,3
-function,3
court,3
calculator,3
recipient,3
blank,3
receiver,3
statistic,3
foundation,3
ing,3
telephone,3
2n,3
eicient,3
decoder,3
plication,3
cij,3
hikgkj,3
metric,3
d6,3
gxg1,3
permu-,3
ab1,3
h1nh,3
ker,3
x.,3
address,3
rs,3
e(n,3
molecule,3
ed,3
refinement,3
ggx,3
g1gx,3
black,3
gag1,3
gs,3
x|,3
|y,3
lead,3
combinatorial,3
isotropy,3
copper,3
hydrogen,3
success,3
di,3
pz,3
university,3
idempotent,3
m+n+p,3
bis,3
contest,3
speech,3
essay,3
5x4,3
nanxn1,3
a1)(x,3
bed,3
bx,3
p=,3
pad,3
qw,3
ruler,3
encouragement,3
abstraction,3
meet,3
consistency,3
spirit,3
tive,3
2f,3
transcendental,3
remark,3
thesis,3
cos2,3
sin2,3
implementation,3
margin,3
zk,3
mi(x,3
1)(x4,3
burst,3
interference,3
locator,3
quintic,3
entrance,3
love,3
fi1,3
copyleft,3
absence,3
substance,3
endorsement,3
compilation,3
exposition,3
combina-,3
improvement,3
feedback,3
homework,3
1.5.8,3
2.3.4,3
3.1.4,3
3.4.7,3
4.2.6,3
4.4.6,3
variant,3
membership,3
describe,3
phenomenon,3
package,3
florence,3
roommate,3
behave,3
circumstance,3
evidence,3
crayon,3
milk,3
mint,3
spider,3
double,3
false,3
waiter,3
ingredient,3
summer,3
painter,3
skeleton,3
stipulation,3
episode,3
denomination,3
beauty,3
ambiguity,3
seminar,3
thinking,3
criminal,3
breadth,3
spike,3
hole,3
heptagon,3
give,3
neighboring,3
department,3
configuration,3
luck,3
cabinet,3
cabin,3
league,3
match,3
accident,3
contain,3
taste,3
relate,3
binomial,3
shortcut,3
sister,3
pant,3
comedy,3
horror,3
east,3
purple,3
pocketful,3
lock,3
parlor,3
milkshake,3
dodgeball,3
lollipop,3
fez,3
run,3
pet,3
night,3
trend,3
cereal,3
modeling,3
+2,3
bee,3
warning,3
perimeter,3
fitting,3
+1,3
solve,3
import,3
customer,3
pirate,3
4is,3
inside,3
football,3
break(s,3
mine,3
determine,3
oz,3
make,3
 4,3
neither,3
comparison,3
vs.,3
theme,3
v.2,3
inventor,3
iii.2,3
25c,3
a1\,2x2,3
am\,2x2,3
6y,3
average,3
2b,3
3c,3
corn,3
soybean,3
oat,3
seed,3
arbuzoid,3
air,3
gold,3
expectation,3
|v,3
saying,3
recap,3
nger,3
doughnut,3
i5,3
i6,3
simplicity,3
expert,3
row+1,3
for(col,3
col<=n,3
reliance,3
electricity,3
suce,3
rx1,3
ry1,3
c1v1,3
z2,3
fth,3
consider,3
carpet,3
c2v2,3
pendent,3
complementation,3
characterize,3
d22,3
rank(a,3
sodium,3
chloride,3
bond,3
tendency,3
ranking,3
hr,3
mp1,3
homogeneity,3
ra2,3
c1x2,3
f2(c1x,3
ck+1vk+1,3
ck+1,3
c)x,3
v11,3
2x,3
h(c11,3
formation,3
ellipse,3
transfor-,3
xed,3
v.,3
diculty,3
repd(h(1,3
1c1,3
hm\,1v1,3
hs,3
w22,3
gi\,1h1\,j,3
gi\,2h2\,j,3
distributivity,3
sight,3
cnt,3
multiplier,3
wage,3
appeal,3
finish,3
tip,3
proj[1,3
orthogonalization,3
sec,3
plot,3
skews,3
c2n,3
historyless,3
quadrant,3
aei,3
h1\,3,3
det(a,3
t1\,1t2\,3t3\,2,3
t1\,2t2\,1t3\,3,3
ti\,(j,3
kv,3
t2\,1,3
adjugate,3
gauss_method,3
artist,3
wall,3
pinhole,3
cn2,3
bk\,1wk\,1,3
crqyrq,3
bird,3
will,3
sink,3
dt2,3
bob,3
peak,3
can,3
nilpotent,3
guidance,2
pleasure,2
assistance,2
pdf,2
preface,2
undergraduate,2
emphasis,2
sophomore,2
xii,2
experimentation,2
simulation,2
mistake,2
reminder,2
state-,2
be,2
7b,2
imply,2
website,2
f1(b1,2
|x,2
10n,2
10k,2
b)n,2
dq,2
rq,2
quence,2
substitute,2
ackermann,2
define,2
placement,2
1800,2
contemporary,2
gg1,2
h1h2,2
abelian,2
abna1,2
c(h,2
uct,2
grocery,2
dkwk,2
prefix,2
2m2n,2
2mn,2
ear,2
d)i,2
bci,2
13i,2
measurement,2
60=,2
thousand,2
z1,2
a(i,2
proposi-,2
5)(2,2
village,2
sn/2,2
2)h,2
2)k,2
3)k,2
g1hg2h,2
|k|,2
ap1,2
talent,2
king,2
aim,2
punctuation,2
mark,2
en-,2
yd,2
xkm+1,2
1970,2
mail,2
prize,2
ground,2
community,2
cryptology,2
primality,2
encode,2
continuity,2
rightmost,2
probe,2
consist,2
request,2
gx2,2
nm+1,2
a2\,nmynm,2
ynm+2,2
am1y1,2
repertoire,2
hamming,2
cayley,2
admission,2
h2k2,2
ib,2
zis,2
2)n,2
ar1,2
1960,2
gm+n,2
verse,2
7ka,2
4)t,2
det,2
y=,2
ay2,2
ae1,2
o(2,2
f(0,2
aby,2
sion,2
analog,2
rhombic,2
so(n,2
qn,2
gik,2
gkn,2
zp2,2
gaibi,2
/g,2
gr,2
km1)/hi,2
ghx,2
g2gx,2
xs,2
|ox|,2
|n,2
f5,2
f12,2
f11,2
f13,2
silver,2
necktie,2
pr1,2
n(h,2
n(k,2
colleague,2
11k,2
nonprime,2
achievement,2
pnk,2
pen,2
guide,2
ik,2
c1d2,2
a0,2
substructure,2
a(r,2
rb,2
presence,2
doctorate,2
soldier,2
examination,2
lecture,2
recognition,2
lifetime,2
talk,2
z(r,2
27x,2
akbik,2
d(x)[r(x)u(x,2
p(a,2
s(a0,2
dn,2
poly-,2
matician,2
blow,2
oath,2
4x3,2
xn2,2
2a2x,2
resolvent,2
yield,2
b2c2,2
bdf,2
p(x)/q(x,2
phic,2
ra,2
irreducible,2
bi|,2
zw1,2
cr+,2
aifi(x,2
acceptance,2
math-,2
ematics,2
personality,2
obstacle,2
antisymmetry,2
theoretic,2
mention,2
distinct,2
circuitry,2
functionality,2
hierarchy,2
wealth,2
cz,2
c1)x,2
aiji,2
ciji,2
f(1,2
a1)x,2
advance,2
q(i,2
x4,2
caution,2
apn,2
separability,2
gf(24,2
a33,2
a2x2,2
z2[x]/xn,2
h0,2
gnk,2
g(t)be,2
g(r+s1,2
w(t,2
interdependence,2
insolvability,2
i(a2,2
relation-,2
genius,2
release,2
xn1,2
ki1,2
4c,2
essence,2
con,2
i)/q,2
editor,2
paint,2
formatter,2
html,2
effect,2
measure,2
exchange,2
display,2
adjustment,2
storage,2
disclaimer,2
sublicense,2
receipt,2
future,2
revision,2
concern,2
specifie,2
draft,2
nent,2
facility,2
k(k,2
1)2,2
x)k,2
y2,2
dual,2
simple,2
orthogonal,2
pretext,2
major,2
pace,2
toric,2
latter,2
skill,2
0.2.4,2
1.3.4,2
2.6.1,2
3.2.2,2
4.2.5,2
6.1.4,2
6.2.1,2
6.2.4,2
discrete,2
treasure,2
scorpion,2
reality,2
overview,2
squaring,2
favorite,2
flight,2
hundred,2
mom,2
sound,2
validity,2
usage,2
cause,2
consequent,2
uncle,2
horse,2
1.3.2,2
listing,2
assignment,2
snow,2
ponen,2
persuasion,2
pepperoni,2
sausage,2
quail,2
teller,2
afternoon,2
cucumber,2
inspiration,2
scaffolding,2
exit,2
3is,2
log(7,2
doctor,2
opportunity,2
satisfy,2
clue,2
piggy,2
explain,2
interior,2
/2,2
mystery,2
mouse,2
doorway,2
mapmaker,2
slot,2
explosion,2
clock,2
company,2
past,2
gender,2
seat,2
possess,2
to,2
odd,2
basic,2
means,2
sundae,2
scenario,2
brother,2
belt,2
journey,2
clown,2
skirt,2
dress,2
outfits,2
ray,2
habit,2
fry,2
avenue,2
pothole,2
drive,2
tape,2
stripe,2
poker,2
3,2
shooting,2
goodness,2
permute,2
dial,2
cupcake,2
divider,2
non-,2
cherry,2
gym,2
shot,2
2topping,2
die1,2
password,2
29th,2
share,2
 52,2
toss,2
3.7.9,2
lime,2
feed,2
nameplate,2
re-,2
video,2
tax,2
purchase,2
simplifying,2
parade,2
prof,2
breakfast,2
favor,2
airline,2
3)15,2
monastery,2
legend,2
hall,2
while,2
trick,2
recursion,2
raise,2
quitter,2
take,2
numpy,2
np.array,2
stacking,2
exponential,2
+3,2
6is,2
if,2
racetrack,2
espresso,2
noon,2
zombie,2
safety,2
hockey,2
2and,2
inclusive,2
colon,2
comple-,2
2be,2
doubleton,2
price,2
terrarium,2
write,2
out,2
tactic,2
3.2.6,2
-axi,2
2)2,2
sine,2
labeling,2
3\,4,2
golf,2
container,2
chordal,2
rho,2
availability,2
lab,2
lesson,2
bug,2
report,2
contact,2
iii.3,2
i.3,2
kg,2
50h,2
trinitrotoluene,2
proportion,2
6z,2
a2s2,2
ansn,2
a2\,1x1,2
ss,2
a1\,nsn,2
am\,2s2,2
y.,2
tan,2
ballot,2
heaven,2
6w,2
roman,2
aloud,2
by-,2
load,2
2.3s,2
rv1,2
grounding,2
crop,2
revenue,2
metal,2
aluminum,2
specic,2
ckk,2
xm,2
conict,2
sea,2
|2,2
u1v1,2
vectologer,2
othe,2
disadvantage,2
cluster,2
matri-,2
ce,2
seven,2
cs,2
leontief,2
retail,2
col]-=multiplier*a[row,2
construct,2
pitfall,2
inaccuracy,2
uncertainty,2
memory,2
temp,2
amperage,2
west,2
y3,2
add,2
p3,2
rv,2
v4,2
extreme,2
cmsm,2
sis,2
y)/2,2
xz,2
/[s,2
ci+1si+1,2
cn,2
nontrivial,2
c3v3,2
collapse,2
summarize,2
coincide,2
akvk,2
c1\,1,2
3be,2
dici,2
bw,2
dene,2
a2\,1,2
wi1,2
speck,2
slant,2
mole,2
nominee,2
manipulation,2
cient,2
min,2
sec2,2
investigator,2
0)p2(l0m1,2
attraction,2
varie,2
projectile,2
dg,2
phase,2
contention,2
f(b1,2
c3z,2
turning,2
parabola,2
ck,2
7kx,2
ax,2
specication,2
7u,2
unn,2
73x,2
f(c1,2
jection,2
a1\,1x1,2
ck1,2
l(v,2
briey,2
f1(1,2
72v,2
h2\,1c1,2
hm\,1c1,2
gain,2
7w,2
w11,2
rg,2
g(h(v,2
combine,2
rgr,2
gh)t,2
htgt,2
reprove,2
g1\,2,2
g2\,2h2\,1,2
g1\,2h2\,1,2
rescale,2
overtime,2
researcher,2
performance,2
tweak,2
3)/2,2
ma-,2
trix,2
northeast,2
i)/(i,2
r11,2
1at,2
data,2
extent,2
find_fit(data,2
salary,2
baseball,2
women,2
gas,2
betweeness,2
sacrice,2
turtle,2
founder,2
magic,2
b+c,2
subrow,2
evolution,2
v0*m,2
inuence,2
pu(n,2
pm(n,2
.30,2
throw,2
su.,2
threshold,2
collinearity,2
distance-,2
t(e1,2
nonsingularity,2
detnn,2
preamble,2
mnemonic,2
alternate,2
|b|,2
det(2a,2
multilinearity,2
pose,2
to-,2
|i|,2
tj\,(i,2
d(s,2
t3\,1t1\,2t2\,3,2
postulate,2
conguration,2
t1\,1,2
t2\,3t3\,1,2
rence,2
tn\,1,2
cramer,2
grow,2
random_matrix(num_row,2
range(num_col,2
range(num_row,2
do_matrix,2
timing,2
pansion,2
det(c,2
demonstration,2
key_elet,2
ceiling,2
awkwardness,2
uv,2
hemisphere,2
davy,2
camera,2
screen,2
ane,2
72x,2
diagonalizability,2
1,2
r(t,2
v0,2
2cx,2
r(tj,2
t3,2
tk1(v,2
th1(1,2
1/2)c4,2
3/2)c1,2
j1,2
w1\,n1,2
vn+1,2
t)v,2
specie,2
stability,2
-0.1250000000000000,2
-1.875000000000000,2
v.norm,2
f2)(n,2
ankf1(n,2
verie,2
an1k1,2
an2k2,2
brass,2
creation,2
2t(n,2
helper,2
lst,2
session,2
online,2
newton,2
f(x2,2
swapping,2
skew,2
sparse,2
normalize,2
reviewer,1
sugges-,1
staff,1
due1625223,1
engineering,1
encounter,1
environment,1
sophistication,1
computa-,1
prob-,1
lem,1
relavent,1
ques-,1
viii,1
must,1
laboratory,1
chem-,1
istry,1
rie,1
diicultie,1
some-,1
/a,1
g(1,1
20x,1
g)(f(a,1
ids,1
3by,1
f(g(b,1
psu,1
qru,1
g(x)h(x,1
1b(p,1
demonstrate,1
3q,1
f)1,1
10k+1,1
10(10k+1,1
b)n+1,1
b)(a,1
akbnk,1
well,1
b(2a,1
bq+r,1
b(qq,1
arq,1
bsq,1
a(1,1
dh,1
d(hr,1
945r,1
2415,1
se-,1
aq1,1
qnrn3,1
qnqn1)rn2,1
/s,1
uity,1
conjec-,1
ture,1
102n,1
fn,1
fn+1fn1,1
gcd(ab,1
plexity,1
biology,1
90rotation,1
j2,1
abb1a1,1
b1a1ab,1
ax1,1
a1ax2,1
gmn,1
h1g1)n,1
m(g,1
memoir,1
meth-,1
od,1
eheh,1
eh,1
ehe,1
eg1,1
gap,1
9x,1
sl2(z,1
manufacturer,1
d12,1
gcd(wi,1
ak,1
asince,1
awe,1
generate,1
ara,1
ar+,1
hq,1
anqar,1
adi,1
zz1,1
z1z,1
6i,1
zn+1,1
znz,1
rn(co,1
32i,1
cis(2k,1
disposal,1
2k1,1
a20,1
a2k,1
u(23,1
u(8,1
u(18,1
i45,1
i)1,1
i)6,1
i)5,1
i)12,1
zz,1
|z,1
w|,1
|zw|,1
|g1ag|,1
proceeding,1
the-,1
ory,1
a,1
x1,1
i(x,1
/xi,1
a3)(a1,1
nm,1
sk,1
rs1,1
5since,1
d4,1
beginner,1
|(1,1
s7,1
12)(34,1
hg,1
g1h1,1
gh1,1
gh2,1
|g|/|h|,1
|u(12)|,1
descent,1
mentor,1
fermat,1
pe2,1
d|n,1
phy,1
assurance,1
sender,1
wish,1
dojheud,1
cryptanalysis,1
aid,1
f(p,1
5p,1
21p,1
p1,1
rrgr,1
1990,1
rp,1
trn,1
1400,1
security,1
banking,1
transaction,1
forerunner,1
trapdoor,1
knapsack,1
semiprime,1
cash,1
http://www.emc.com/emc-plus/rsa-labs/historical/the-rsa-,1
controversy,1
euler_phi()function,1
power_mod()function,1
proposal,1
enohk,1
pvehp,1
xdrte,1
rgaga,1
significance,1
gcd(det(a,1
wonder,1
another,1
rithm,1
goto,1
screening,1
diie,1
prov-,1
idence,1
television,1
encoder,1
indication,1
0110).6,1
ineicient,1
checking,1
drawback,1
differ,1
transmitter,1
reception,1
0.999)10\,000,1
m)-block,1
w(y,1
correct,1
2n+1,1
1940,1
1950,1
convolution,1
8since,1
am2,1
serve,1
stan-,1
dard,1
aikkj,1
hgx,1
a1\,nmynm,1
am2y2,1
ej,1
impediment,1
hx,1
correcting,1
canon-,1
cise,1
ming,1
glance,1
renaming,1
exey,1
m)(n,1
7an,1
contrary,1
g1a,1
gha,1
follow,1
merchant,1
lawyer,1
adult,1
twenty,1
profession,1
statute,1
zpe1,1
r4s,1
cis(2,1
2m3n,1
d2n,1
lif,1
zky,1
ziyj,1
uniquely,1
zmyn,1
g1ng,1
bdn,1
dn2,1
bnd,1
bdn.,1
g1n,1
gn.,1
z/3z,1
normality,1
a)2[(i,1
a6)]1(a1,1
a3)1,1
permuation,1
impetus,1
organizer,1
xg,1
fashion,1
e(e,1
g1)(g,1
g)]1(h)(g,1
gh.,1
g1g2h,1
g1k,1
g1g2,1
g1k)(g2,1
orem,1
h1n1)(h2n2,1
hn)1,1
hhn,1
deter-,1
minant,1
rgl2(r,1
1(h,1
respec-,1
7ig,1
amn,1
aij,1
t(x1e1,1
te1,1
te2,1
det(b,1
det(aat,1
aat,1
as=,1
i)x=,1
b)t,1
theo-,1
f(g(y,1
f(by,1
7det(a,1
pat-,1
tern,1
y1,1
ro-,1
y)(a1,1
pmm,1
pmg,1
pgg,1
mm,1
p3m1,1
hilbert,1
eighteenth,1
gk1,1
h|,1
/h.,1
sp,1
tr,1
asp+tr,1
ap)s,1
gh)pt,1
gpt,1
gpi,1
gakbk,1
hpm,1
pm1,1
ps,1
gpm1,1
ghk,1
30/{0,1
km1)/(hi,1
km1,1
nonproper,1
hn1km1)/hn1,1
7gx,1
g1g2)x,1
g(hx,1
gg)xh,1
g(gxh,1
g3,1
g1)gx,1
lgx,1
|x|,1
parti-,1
ni,1
gz(g,1
hz(g,1
amxany,1
90(figure,1
burnside,1
gbg1,1
g1bg,1
yox,1
x(2,1
xg|,1
f10,1
f14,1
f15,1
acb,1
7(1,1
72n,1
8(216,1
12)(6,1
supplement,1
graduation,1
classic,1
gp,1
d5,1
chlorine,1
gc(a)g1,1
c(gag1,1
ic,1
azine,1
gxi,1
|a5|,1
pr,1
kh1,1
kh2,1
gp1g1,1
prm,1
|n(p)|,1
|q|,1
acting,1
|orbit,1
p|,1
3k,1
|h3|,1
bk1,1
groundwork,1
fuss,1
n(ghg1,1
pnq,1
|s|,1
u|h|,1
b)c,1
1a,1
aa1,1
d2)k,1
dk,1
b2)(c2,1
ad1,1
nr,1
s(ar,1
nz,1
r)(s,1
j)/j.,1
/m.,1
b+p,1
0+p,1
/p,1
daughter,1
education,1
faculty,1
lecturer,1
sex,1
bathhouse,1
attitude,1
habilitation,1
invitation,1
spite,1
bureaucracy,1
participation,1
a.d.,1
a+km,1
a)s,1
gcd(ni,1
nk+1,1
subcomputation,1
itie,1
finite,1
i}a,1
1r,1
7iu,1
u(z,1
tent,1
polynomialthen,1
bmxm,1
ai1b1,1
i=0(ai)xi,1
ad-,1
dition,1
akbjk,1
j+k+l,1
ajbkcl,1
bkcijk,1
3xy,1
ann,1
p()q,1
bm1xm1,1
q1(x,1
g(x)q1(x,1
fore,1
a(x)d(x,1
p(x)(1,1
r(x)u(x)d(x,1
deg[r(x)u(x,1
p(0,1
p(2,1
d/(c0,1
d1(x)1(x,1
c1(x)1(x,1
bj,1
zp[x,1
b)(x2,1
b0)(csx,1
b1cm1,1
bmc0,1
irreducibility,1
rion,1
nomial,1
p(x)is,1
p(x)f(x,1
scipione,1
mathe-,1
secrecy,1
weapon,1
opponent,1
deathbed,1
youth,1
sword,1
attack,1
savage,1
wound,1
obscurity,1
ax3,1
ax4,1
bx3,1
obligation,1
dispute,1
6x2,1
d(f(x,1
isomorphic,1
11x,1
py2,1
pz2,1
4rz,1
afd,1
adf,1
b1d1,1
b2d2,1
b1c1b2d2,1
b1d1)(a2d2,1
bdf2,1
1]1,1
cd1,1
ab1cd1,1
0b,1
18.6,1
rem,1
|z|2,1
zw,1
b=,1
a(xr,1
maximal,1
pmust,1
por,1
in,1
a1b1,1
ac1,1
ac1c2,1
q1,1
|z|2|w|2,1
w(m1,1
i=0,1
a0br+,1
a1br+s1,1
ar+s1b1,1
ar+sb0,1
arb,1
cp1(x,1
p1(x)q1(x,1
a1f1(x,1
b1g1(x,1
a1f1(x))(b1g1(x,1
cf1(x)g1(x,1
bigi(x,1
gi(x,1
ag1(x,1
lary,1
fis,1
gi(x),1
di)fi(x,1
prodigy,1
ph.d.,1
dissertation,1
director,1
astronomy,1
optic,1
geodesy,1
magnetism,1
telegraph,1
status,1
scrutiny,1
enemy,1
subdomain,1
anrn,1
homomor-,1
supremum,1
infimum,1
satisfying,1
bm,1
usefulness,1
flow,1
othera,1
terminal,1
suite,1
cellent,1
boole,1
ematic,1
sociologist,1
biologist,1
biosystem,1
innovation,1
1)v,1
0)v,1
is,1
propo-,1
t(u,1
dim(u,1
fol-,1
low,1
functional,1
inquire,1
standing,1
f[x]/p(x)is,1
f[x]/p(x)such,1
z2[x]/x2,1
1or,1
11the,1
transcenden-,1
tal,1
bn1n1,1
cn1)xn1,1
r[x]/x2,1
machinery,1
an1n1,1
e][e,1
bjj,1
cij(ij,1
cijs,1
js,1
i1)(i,1
airmative,1
e[x]/p(x)f[x]/q(x,1
subangle,1
trisection,1
trisect,1
nate,1
e1x,1
chord,1
2a,1
fi1(i,1
kummer,1
algebraist,1
kronecker,1
turie,1
stu-,1
raphy,1
bpn,1
k=0,1
akbpk,1
b)pn+1,1
bp)pn,1
bpn+1,1
x22,1
pnxpn1,1
1)pn,1
f][f,1
xpm1,1
z2/1+x+x4,1
register,1
3)-code,1
0x5,1
x3)x2,1
p(t)f(t,1
r7,1
gnkxnk,1
dermonde,1
bilitie,1
ai1xi1,1
g(r,1
ai0(r+1)i0,1
ai1(r+1)i2,1
ais1(r+1)is1,1
i1)rx1,1
i1)r+1x1,1
i1)r+s1x1,1
i0)r+1,1
i0)r+s1,1
i1)r+s1,1
is1)r+s1,1
ais1,1
2r,1
lcm[m1(x,1
a0a1,1
x15,1
1)(x2,1
x7,1
qis,1
|f|,1
surge,1
g(t)f(t)if,1
wn1tn1,1
ta2,1
tak,1
aith,1
e(i,1
ia1,1
iak,1
t12,1
antiquity,1
ax5,1
bx4,1
xpnr,1
1)n1(x,1
gcd(f(x,1
h(j,1
i(b,1
i(ab,1
f{i,1
eg,1
1(1)x1,1
2(1)x1,1
n(n+1)xn+1,1
i(a1,1
g(k,1
1500,1
quirement,1
examiner,1
sympathy,1
prison,1
turmoil,1
duel,1
affair,1
evening,1
extraction,1
taking,1
na,1
are,1
fn1,1
ip)k(1,1
-2,1
interchange,1
culus,1
completeness,1
debate,1
preparation,1
zp(t)[x,1
xp2,1
applicability,1
royalty,1
duration,1
herein,1
licensee,1
specification,1
pixel,1
file,1
markup,1
sor,1
subunit,1
warranty,1
compensation,1
download,1
agent,1
retailer,1
ument,1
authorship,1
tone,1
contributor,1
dorsement,1
behalf,1
author(s,1
publisher(s,1
publicity,1
docu-,1
aggregation,1
permit,1
disagreement,1
tory,1
cessation,1
termination,1
proxy,1
promi-,1
wiki,1
pub-,1
profit,1
corporation,1
subse-,1
a(bb)](ba,1
g(f(y,1
fn+2,1
2.4.27,1
acr,1
bcs,1
b(aa1)ba1,1
ac+2bd)+(ad+bc,1
a/(a2,1
18i,1
cis(3/2,1
i)/2,1
|gh|,1
laoryhapdwk,1
/c.,1
9.4.2,1
10.4.1,1
gaba1b1g1,1
el-,1
ement,1
hng1,1
ghng1,1
nn1,1
gn1,1
x(1,1
o(1,1
abc)(def,1
q-,1
bg,1
16.7.8,1
gcd(bd,1
8x4,1
5x3,1
i)2(2,1
19.5.8,1
ar1+as1,1
a(ab,1
a[i(ab,1
20.5.3,1
suice,1
p()/q,1
n,1
q()n,1
exhibit,1
gf(3)]/[gf(9,1
i(a0,1
ap2p2,1
u(n,1
char,1
indeterminant,1
polyalphabetic,1
primitive,1
http://math.oscarlevin.com/,1
http://creativecommons.org/licenses/by-sa/4.0/.,1
4th,1
update,1
editing,1
participant,1
group1,1
typo,1
1groups.google.com/g/pretext-support,1
teaching,1
custom,1
numbering,1
expository,1
blueprint,1
struggle,1
click,1
icon,1
interactivity,1
rolling,1
1.2.4,1
2.2.6,1
xvi,1
3.2.4,1
3.3.4,1
4.2.4,1
diskrt,1
parallelepiped,1
conception,1
stuff,1
too.1,1
problems.2,1
eat,1
burial,1
chamber,1
yore,1
tunnel,1
toy,1
umbrella,1
between,1
0.2.1,1
paintbrush,1
easel,1
constraint,1
apartment,1
airplane,1
hangar,1
suspension,1
comprehension,1
-tuple,1
geography,1
app,1
metroid,1
-axis,1
1.1.1,1
philosophy,1
assessment,1
eating,1
luxury,1
advancement,1
grandmother,1
achieve,1
fluency,1
norm,1
placeholder,1
variable(s,1
elephant,1
swimming,1
conjuction,1
composite,1
belief,1
translate,1
timmy,1
implie,1
strangeness,1
phrasing,1
necessity,1
sufficiency,1
safe,1
sheet,1
viscosity,1
tweed,1
green,1
limp,1
cheddar,1
makeup,1
true,1
unicorn,1
and,1
succession,1
imagination,1
resolution,1
designation,1
behold,1
telling,1
tag,1
joint,1
ricotta,1
simplification,1
terexample,1
yesterday,1
raisin,1
tea,1
creativity,1
undertaking,1
musician,1
fingering,1
brush,1
lense,1
combining,1
bone,1
novel,1
valid.a,1
boxb,1
adefinition,1
paranoia,1
excuse,1
1.4.7,1
doe,1
duplication,1
2doe,1
exploit,1
maze,1
go,1
flush,1
greatness,1
reasoner,1
playground,1
both.3,1
rationale,1
pause,1
touch,1
forward,1
advent,1
alligator,1
proceed,1
class.1,1
shore,1
emanating,1
1)/2,1
lemma2,1
3a,1
glossary,1
cycles.4,1
anthropology,1
blood,1
converge,1
diverge,1
4sometime,1
2.2.8,1
kruskal,1
descendent,1
flowery,1
diction,1
32and,1
polyhedron.7,1
deg,1
impossibility,1
answer(s,1
4\,4,1
quadrilateral,1
soccer,1
octagon,1
townspeople,1
southwest,1
brand,1
floor,1
exterior,1
dukedom,1
county,1
maker,1
palette,1
senior,1
cartography,1
kqea,1
clique.8,1
8there,1
chesslete,1
potion,1
internship,1
midterm,1
wood,1
conference,1
boring,1
much,1
24th,1
15th,1
bipartiteness,1
eva,1
professor(s,1
ler,1
might,1
2.6.21,1
loner,1
obstruction,1
vastness,1
students.10,1
2.7.1,1
elder,1
polygamy,1
correctness,1
2.7.2,1
alliance,1
son,1
impropriety,1
shorthand,1
dance,1
joining,1
scout,1
service,1
centerpiece,1
gasp,1
|b5,1
confession,1
syrup,1
choose,1
1)6,1
typeface,1
y)]+,1
y]+,1
13th,1
call,1
combinatorics,1
dish,1
paisley,1
ties.1,1
refrigerator,1
buckle,1
olive,1
bacon,1
tomato,1
catenation,1
wardrobe,1
neck,1
wear,1
buzz,1
marketing,1
campaign,1
patron,1
respondent,1
 26,1
watch,1
phew,1
pocket,1
3.4.3,1
3.4.8,1
basketball,1
jackpot,1
ticket,1
magician,1
goggle,1
retreat,1
businessman,1
businesswoman,1
golfing,1
seating,1
round,1
sugar,1
onea,1
bookshelf,1
shake,1
vanilla,1
guishable,1
concoction,1
jellybean,1
pack,1
3.6.1,1
1)!(+,1
beautiful.4,1
as,1
carry,1
on,1
fundraiser,1
prefect,1
planning,1
committee,1
establish,1
escape,1
captain,1
non-2,1
champion,1
nobleman,1
gambling,1
random.randint,1
die2,1
casino,1
payout,1
tribution,1
dart,1
dartboard,1
thumbtack,1
3.7.2,1
occurring,1
permuta-,1
merator,1
influence,1
conundrum,1
host,1
newspaper,1
magazine,1
publication,1
charge,1
crisis,1
brown,1
thrice,1
reunion,1
conversation,1
remove,1
prank,1
derange-,1
1,1
recall,1
orderbut,1
exclude,1
25,1
15,1
codomain.5,1
museum,1
attendant,1
each,1
giraffe,1
office,1
lotto,1
pick,1
suspender,1
bowl,1
ele-,1
2nd,1
17th,1
20th,1
bill,1
washer,1
try,1
plural,1
dragon,1
reward,1
integral,1
2to,1
confirm,1
exponentiation,1
2*a(n-1)+1,1
justification,1
leftward,1
,1
our,1
bowling,1
pin,1
fit,1
artwork,1
472,1
complexity,1
a+b+c==1,1
8*a+4*b+2*c==5,1
ence,1
bodega,1
mega,1
ghost,1
proportional,1
partial,1
ish,1
4.4.2,1
extra,1
1)37,1
nearness,1
0s,1
dynamic,1
do,1
5(6,1
4.5.3,1
responsibility,1
2(2,1
market,1
midnight,1
morning,1
am,1
touchdown,1
+7,1
waste,1
think,1
elegance,1
down,1
guarantee,1
sequence(s,1
song,1
mini,1
overviews,1
actor,1
imprecise,1
comprehending,1
quadruple,1
fyi,1
household,1
landline,1
visualizing,1
piecewise,1
jerk,1
5.2.6,1
missing,1
bective,1
assign,1
stud,1
+63,1
benefit,1
simplest,1
1we,1
+93,1
differentiation,1
6.1.2,1
6.1.3,1
foil,1
faction,1
realm,1
integers.1,1
relationship.2,1
2again,1
6.2.3,1
gcd(3,1
29and,1
8(4,1
8is,1
bottle,1
sixty,1
5\,5,1
stand,1
co,1
1st,1
 +,1
1)+1,1
6.1.5.10,1
contraposi-,1
compare,1
7is,1
2quarters,1
222=,1
5\,7,1
64/4,1
flick,1
taboo,1
 24,1
tee,1
 10,1
strawberry,1
licorice,1
blueberry,1
bubblegum,1
|||,1
wedding,1
bride,1
ping,1
pong,1
 19,1
 17,1
,1
arrange,1
tomorrow,1
consonant,1
 31,1
023,1
7(3,1
4.3.7,1
4.3.7.10,1
1+(1)38,1
1)(+,1
cleverness,1
log(2,1
2we,1
4.7.8,1
2subset,1
23is,1
+33,1
22for,1
15for,1
tiling,1
-constant,1
enumeration,1
iff,1
modu,1
alternating,1
indcution,1
see,1
ternary,1
sudoku,1
vizing,1
http://joshua.smcvt.edu/linearalgebra,1
pronounciation,1
alpha,1
gamma,1
cron,1
epsilon,1
lon,1
zeta,1
eta,1
theta,1
oh,1
duh,1
omega,1
guh,1
junior,1
naturalness,1
capacity,1
progress,1
olater,1
seri-,1
stop,1
schedule,1
dozen,1
dicult,1
journal,1
competition,1
wording,1
computing,1
beamer,1
publishing,1
resource,1
wife,1
timetable,1
enrichment,1
http://sagemath.org,1
training,1
misconception,1
quote,1
sentiment,1
liberty,1
poetry,1
particular,1
universal,1
attribution,1
iii.4,1
vi.3,1
a-1,1
nitric,1
acid,1
byproduct,1
7x,1
satise,1
sin(x2,1
0z,1
guesswork,1
pointless,1
ai\,1x1,1
aj\,2x2,1
dm,1
ai\,2s2,1
duction,1
redundancy,1
yes,1
7y,1
b4,1
3x,1
5z,1
abstention,1
runoelection,1
known,1
15x,1
bassoon,1
boldface,1
involve,1
by2,1
watermeloner,1
creature,1
alcohol,1
15z,1
slogan,1
4y,1
b2a,1
carrier,1
traveler,1
rv2,1
represent,1
walking,1
particle,1
parametrize,1
y/2,1
grey,1
tk,1
commentator,1
heath,1
cut,1
bend,1
maneuver,1
battle,1
cruiser,1
ity,1
v|,1
un|,1
|u1|,1
|un|,1
obtuse,1
astrologer,1
fortune,1
gazer,1
harmony,1
birthdate(s,1
vane,1
mast,1
ajbj,1
akbj,1
gauss-,1
benet,1
reducibility,1
lationship,1
sen-,1
tence,1
b2\,2)|,1
c1\,1x1,1
c1\,nxn,1
d1(c1\,1x1,1
ds,1
regrouping,1
cmrm\,1,1
r1\,1,1
bm\,1x1,1
bm\,2x2,1
c2\,1x1,1
cm\,1x1,1
cm\,2x2,1
echeleon,1
canonical,1
c00,1
roadside,1
cafe,1
i1,1
i3+i4,1
50*i5==0,1
solve(network_system,1
1\,-1\,-1\,0\,0\,0\,0,1
0\,5\,-2\,0\,0\,50\,0,1
6j,1
economist,1
industrys,1
consumption,1
ination,1
upswing,1
eqns=[(20053/25448)*,1
21316/30346)*a,1
judgment,1
caveat,1
billion,1
buy,1
interrelationship,1
wholesale,1
fill,1
closing,1
income,1
computerization,1
ize,1
01x,1
dicultie,1
1001y,1
programmer,1
panacea,1
back-,1
neatness,1
parking,1
designer,1
beam,1
headlight,1
pump,1
bulb,1
heat,1
ohmage,1
zag,1
kirchhos,1
net-,1
wheatstone,1
knob,1
read,1
be-,1
tween,1
impulse,1
government,1
virtue,1
r(v+,1
9)s,1
s)x,1
s)y,1
sy,1
r(x1,1
rx2,1
ry2,1
b3x3,1
b3)x3,1
rc,1
rd,1
bn)xn,1
ra1)x,1
ran)xn,1
d2f,1
motivating,1
2ex,1
x2,1
rx,1
f(7,1
cancel,1
rnsn,1
2.9s,1
r1s1,1
3t2,1
pc1s1,1
pcnsn,1
sjs,1
  {y,1
combi-,1
monality,1
hoverboard,1
scooter,1
3b,1
justication,1
depend,1
cn+k+1v,1
c0s0,1
ci1si1,1
ci)s0,1
ci)sn,1
15c1,1
0x2,1
working,1
cn+1)sn,1
independent,1
x)2,1
sin2(x)/,1
cos2(x,1
tan2(x,1
redene,1
opinion,1
two-,1
deletion,1
v]b,1
recast,1
al,1
leap,1
div,1
cnn)+,1
dii,1
k+1,1
bk+1,1
n+1,1
r3s,1
shrunken,1
niteness,1
v(n,1
precise,1
eis,1
dns,1
accumulation,1
e1i,1
dkck,1
diwi,1
i\,1,1
ui,1
pthat,1
dim(v,1
dim(wk,1
distraction,1
oand,1
express,1
centimeter,1
politic,1
esting,1
adding,1
acyclic,1
a+b+c,1
arti-,1
cle,1
poundstone,1
policy,1
classs,1
nonpositivethat,1
u=,1
time)2,1
titie,1
fathom,1
dgt2,1
ft,1
gt2,1
2(l0m0,1
ample,1
mp2,1
swing,1
0)p5,1
p1/2g1/2,1
revolution,1
separation,1
0)p3(l0m1,1
pr3/2m1/2,1
r3/2m1/2,1
g1/2,1
f(m1,1
launch,1
gy,1
cos()t,1
solid,1
compressibility,1
phenomena,1
torque,1
propagation,1
precaution,1
mq1,1
mqk,1
r(mp1,1
mrp1,1
mrpk,1
plausibility,1
unforeseen,1
momentum,1
ra0,1
sameness,1
d2y,1
d1x2,1
f2(4x,1
d1)x2,1
rc2,1
ips,1
f(u,1
+5x3,1
f(c1v1,1
7ad,1
f(3,1
c33,1
 c1v1,1
f1(w2,1
f1(w1,1
id(v1,1
signi-,1
f(c11,1
denedsince,1
ru1,1
worry,1
subtler,1
iii.1.12s,1
be2,1
ce3,1
de4,1
a/2)1,1
b/2)2,1
d/2)4,1
a/2,1
mk2,1
repb,1
sendingv,1
r1(x1,1
r2(x2,1
3y2,1
r2dn)wn,1
c2g)/dx,1
10x,1
10y,1
r(c1f(v1,1
dxk1,1
c0f,1
wn,1
skin,1
convexity,1
h(s1,1
tx2,1
2d,1
cx3,1
sx2,1
one-,1
restatement,1
compress,1
iii.2.12,1
ckh(k,1
send,1
rank(h,1
12x,1
r8,1
h(a0,1
h1(1,1
h([s,1
conclude,1
7dk,1
dxk,1
v=,1
r(tk,1
repd(h(2,1
h(i),1
represenation,1
7(2a1,1
repd(2,1
hm\,2c2,1
ncn,1
a1\,1c1,1
a1\,ncn,1
a2\,1c1,1
sentative,1
width,1
ai\,1c1,1
h1\,1c1,1
2x2,1
eval3,1
slide1,1
nv,1
movement,1
h([{1,1
h1\,n(cvn,1
 hm\,1(cv1,1
repd,1
75w,1
u22,1
s)g,1
h)t,1
g(h(v2,1
compositor,1
h(v)s,1
vs,1
22,1
hk\,1v1,1
h2\,1v1,1
hr\,1v1,1
gi\,2h2\,1,1
rhr\,1,1
gi\,2h2\,n,1
boxing,1
treat,1
h)f,1
fi\,2g2\,1,1
rgr\,1)h1\,j,1
fi\,2g2\,2,1
fi\,2g2\,s,1
fi\,1g1\,1h1\,j,1
fi\,2g2\,1h1\,j,1
g1\,2h2\,j,1
fi\,2(g2\,1h1\,j,1
g2\,2h2\,j,1
r(gr\,1h1\,j,1
h1\,2x2,1
d2,1
g1\,1y1,1
g1\,2y2,1
g3\,2y2,1
px2,1
hp+q,1
hp,1
rg)h,1
rf,1
sg)h,1
rfh,1
a1x,1
khk,1
complication,1
g1\,2)h,1
g1\,1h1\,2,1
swapper,1
1/3)x1,1
stance,1
go-,1
pay,1
rank(at,1
r(a,1
idim(r(a,1
h1(id)h,1
cation,1
k)1,1
br1,1
nchange,1
cjj,1
cos(x)is,1
cos(2,1
x2x3we,1
(3,1
lence,1
paq,1
ending,1
submarine,1
(9x1,1
vi+1,1
 v,1
vj,1
proj[2](3,1
normalizing,1
fail,1
repk,1
subsectionss,1
perpendicular,1
pconsist,1
v3,1
rad,1
rnn,1
proj[1](w,1
proj[k](w,1
kand,1
atv,1
p(v,1
m)=,1
1v1,1
a(ata)1at,1
race,1
intercept,1
burden,1
figsize=3\,fontsize=7\,typeset='latex,1
sal,1
|--,1
size=25)+plot(model.subs(fit)\,(t\,30\,130)\,color='red'\,typeset='latex,1
certainty,1
owner,1
highway,1
trucker,1
boss,1
credulity,1
shuttle,1
criticism,1
asteroid,1
renumber,1
ease,1
c1\,2(2,1
h(u,1
decrease,1
instant,1
derstood,1
cos(x2,1
t/4,1
reordering,1
ood,1
civilization,1
shell,1
scroll,1
anger,1
hourglass,1
engraving,1
nor-,1
c2n+12n+1,1
c2n+22n+2,1
c2n+1,1
cn+j,1
median,1
bet,1
p4(n,1
p5(n,1
v1*m,1
mv,1
sociology,1
executive,1
professional,1
supervisor,1
pl(n,1
mobility,1
season,1
climate,1
unionization,1
equilibrium,1
sa.,1
dweller,1
av0,1
av1,1
t(e2)=,1
bisecting,1
ths,1
timeless,1
adbc,1
kb,1
k3,1
c(kg,1
d)h,1
h(ki,1
f)a,1
promise,1
snag,1
gec,1
fah,1
iae,1
gbf,1
kc)b,1
ness,1
h3\,2,1
h1\,2h2\,3h3\,1,1
h1\,3h2\,1h3\,2,1
h3\,2h2\,3h1\,1,1
terminant,1
saving,1
det1,1
det2,1
h3\,1,1
5h3\,2,1
rr,1
likeness,1
nose,1
church,1
campus,1
separate,1
simplie,1
t1\,1t2\,2t3\,3,1
|p1|,1
|p2|,1
|p4|,1
m1\,i(1)m2\,i(2)m3\,i(3,1
nant,1
xis,1
|j|,1
ri,1
sgn(1,1
sgn,1
t1\,1t3\,2t2\,3,1
arise,1
size(e1,1
|e1|,1
j(k,1
mi(k)s,1
|mi(k)|,1
|tt,1
|6a3,1
ch,1
font,1
t2\,2,1
t1\,j,1
t3\,1,1
adj(adj(t,1
subcase,1
col,1
new_row,1
gauss_method(m,1
col_num,1
p_entry,1
m[row][col_num,1
prow,1
do_matrix(num_row,1
gauss_method(random_matrix(num_row,1
timeit,1
num_row,1
timeit.timeit(stmt,1
fragment,1
fetch,1
a2\,2a1\,1,1
a1\,j+1,1
ai+1\,1,1
det(c)/a1\,1,1
m[0][0]=0,1
chio_det(chio_mat(m))/(key_elet**(dim-2,1
3\,4\,-1,1
m=\"\,m,1
m=[[2,1
horizon,1
vision,1
brain,1
canvas,1
eclipse,1
abstractness,1
uniformity,1
intersect,1
clary,1
discontinuity,1
v3l3,1
nonuniformity,1
niceness,1
y0,1
z0,1
bx0,1
repb(t1,1
repb(u1,1
repb(v1,1
repb(o,1
repb(u2,1
t2u2,1
desargue,1
palm,1
pole,1
companion,1
handedness,1
spiral,1
exhibition,1
astronaut,1
ction,1
reversal,1
ap-,1
proach,1
ne,1
rep-,1
resentative,1
l3,1
p1l1,1
p3l3,1
q3m3,1
modal,1
q3,1
scaling,1
sp1,1
theater,1
7p,1
harm,1
tx,1
scene,1
speedup,1
simplication,1
target,1
literature,1
blend,1
degree(fg,1
d(x,1
dividend,1
m(x)q(x,1
plotted,1
|a,1
 x,1
coe-,1
bc)i,1
0.5i,1
repd(x2,1
repd(1,1
concatenate,1
7x2,1
cnxn,1
repe2\,e2(t,1
superscript,1
nicer,1
plug,1
t(c11,1
transforma-,1
vk+1,1
c1k+1v1,1
ck+1k+1vk+1,1
c11v1,1
ck(k+1,1
vanishe,1
c1(k+1,1
6dx,1
6d,1
onward,1
shrink,1
r(t2,1
dinate,1
gen-,1
trans-,1
grouping,1
stabilize,1
7e2,1
depiction,1
r(n)n,1
r(n2)n,1
np1)4,1
5to,1
m(1,1
hop,1
b(f(t,1
verifying,1
 t(t(v,1
resule,1
1)p1(x,1
1)q1(x,1
adj(c,1
c1t)x,1
cni,1
cn1i,1
telescope,1
i)pi(x,1
qj,1
pj,1
m(t)(v,1
character-,1
2)2(x,1
|t,1
ti|,1
z)qz,1
3)2,1
leverage,1
compuation,1
i)(wk\,1,1
yrq,1
aqxq,1
ys,1
null,1
repb2\,b2(t,1
plicitie,1
subbasis,1
invariance,1
cnnn,1
cnk,1
|1|,1
kv|/|t,1
10v,1
tv1,1
v0/|v0|,1
v1/|v1|,1
1vk,1
settle,1
t=,1
t**9,1
-1,1
v10,1
reserve,1
species,1
fence,1
pn+1,1
sustaining,1
tance,1
increment,1
visit,1
outbound,1
1\,0\,1/3\,1/4,1
-4,1
0.4389855730355308?*i,1
vector([1,1
renement,1
newborn,1
f(n,1
diagonalizing,1
delay,1
onset,1
fertility,1
cf,1
c1((1,1
c2((1,1
temple,1
benare,1
cubit,1
duty,1
brahmin,1
dusk,1
thunderclap,1
t(n)+2t(n1,1
c12n,1
puter,1
dialect,1
lisp,1
require,1
funciton,1
t(62,1
nishe,1
prompt,1
foreign.import.so,1
readability,1
trading,1
operiod,1
mixture,1
stiness,1
masss,1
x(t)/dt,1
oscillate,1
amplitude,1
shorten,1
coupling,1
sync,1
soup,1
bolt,1
inertia,1
throwing,1
nique,1
chiey,1
an,1
5n,1
iq,1
prexe,1
p2n2,1
4k2,1
pk)2,1
n)2,1
backdrop,1
vocabulary,1
extensionality,1
blob,1
g1(x,1
fj,1
a-10,1
overlapping,1
positive,1
slash,1
solver,1
http://math.sfsu.edu/beck/papers/aop.noprint.pdf,1
blass,1
http://infolab.stanford.edu/pub/papers/google.pdf,1
calculation(without,1
http://stackoverflow.com/a/10037087/238366,1
nov-20,1
citation,1
viewpoint,1
curiosity,1
thema,1
http://math.stackexchange.com/a/118914/205168,1
http://www.cs.berkeley.edu/~wkahan/mathh110/chio.pdf,1
http://oeis.org/a006052,1
isbn-13,1
http://math.stackexchange.com/a/98558/12012,1
jan-12,1
blog,1
post,1
https://adamsheffer.wordpress.com/2018/07/21/linear-algebra-riddle/,1
compiler,1
printing,1
https://www.youtube.com/watch?v=frlwrls_zr0,1
http://en.wikipedia.org/wiki/mile_run_world_record_progression,1
apr-09,1
feb-27,1
antipodal,1
a-4,1
orthonormal,1
a-3a-5,1
a-6,1
static,1
tiplication,1
